{"安坤":37.60530618977224,"禁映":33.154868337465544,"方励":29.240627816762064,"范冰冰":37.980644321894495,"相关":28.295277916677236,"佟大为":37.44444699029128,"按摩店":25.630232450633745,"梁家辉":25.201274585351168,"拷贝":24.189994246230903,"刘苹果":47.81092873462013,}
